,Location_name,Location_id,Latitude,Longitude
0,BREST,1,48.38,-4.49
1,SWINOUJSCIE,2,53.92,14.23
2,SHEERNESS,3,51.45,0.74
3,HOLYHEAD,5,53.31,-4.62
4,CUXHAVEN_2,7,53.87,8.72
5,WISMAR_2,8,53.9,11.46
6,MAASSLUIS,9,51.92,4.25
7,SAN_FRANCISCO,10,37.81,-122.47
8,WARNEMUNDE_2,11,54.17,12.1
9,NEW_YORK,12,40.7,-74.01
10,TRAVEMUNDE,13,53.96,10.87
11,HELSINKI,14,60.15,24.96
12,LIVERPOOL_GEORGES_AND_PRINCES_PIERS,15,53.4,-3.0
13,LYOKKI,16,60.85,21.18
14,LYPYRTTI,17,60.6,21.23
15,JUNGFRUSUND,18,59.95,22.37
16,VLISSINGEN,20,51.44,3.6
17,ABERDEEN_II,21,57.15,-2.08
18,HOEK_VAN_HOLLAND,22,51.98,4.12
19,DEN_HELDER,23,52.96,4.75
20,DELFZIJL,24,53.33,6.93
21,HARLINGEN,25,53.18,5.41
22,LIEPAJA,26,56.53,20.98
23,UTO,27,59.78,21.37
24,RUSSARO,28,59.77,22.95
25,SODERSKAR,29,60.12,25.42
26,RONNSKAR,30,63.07,20.8
27,NEDRE_SODERTALJE,31,59.2,17.62
28,IJMUIDEN,32,52.46,4.55
29,OSCARSBORG,33,59.68,10.6
30,TRONDHEIM,34,63.43,10.43
31,DAUGAVGRIVA,37,57.05,24.03
32,VENEZIA,39,45.42,12.33
33,POTI,41,42.17,41.68
34,SEVASTOPOL,42,44.62,33.53
35,MUMBAI,43,18.92,72.83
36,ADEN,44,12.79,44.97
37,KABELVAG,45,68.21,14.48
38,STAVANGER,47,58.97,5.73
39,KIDDERPORE,48,22.53,88.33
40,BATUMI,51,41.63,41.7
41,CASCAIS,52,38.68,-9.42
42,VAASA,57,63.08,21.57
43,BERGEN,58,60.4,5.32
44,GENOVA,59,44.4,8.9
45,MARSEILLE,61,43.28,5.35
46,OSLO,62,59.91,10.73
47,KOBBAKLINTAR,63,60.03,19.88
48,GDANSK/NOWY_PORT,64,54.4,18.68
49,SYDNEY,65,-33.85,151.23
50,LANDSORT,68,58.74,17.87
51,OLANDS_NORRA_UDDE,69,57.37,17.1
52,KUNGSHOLMSFORT,70,56.11,15.59
53,HANKO,71,59.82,22.98
54,YSTAD,72,55.42,13.82
55,VARBERG,73,57.1,12.22
56,AARHUS,76,56.15,10.22
57,GRONSKAR,77,59.28,19.03
58,STOCKHOLM,78,59.32,18.08
59,OULU,79,65.04,25.42
60,ESBJERG,80,55.46,8.44
61,FREDERICIA,81,55.56,9.75
62,KOBENHAVN,82,55.7,12.6
63,VYBORG,83,60.7,28.73
64,LEMSTROM,84,60.1,20.02
65,YKSPIHLAJA,86,63.83,23.03
66,VENEZIA,87,45.42,12.35
67,RATAN,88,63.99,20.89
68,HIRTSHALS,89,57.6,9.96
69,BJORN,90,60.63,17.97
70,FREDERIKSHAVN,91,57.44,10.55
71,TONOURA,94,34.9,132.07
72,NORTH_SHIELDS,95,55.01,-1.44
73,HALIFAX,96,44.67,-63.58
74,BACKEVIK,97,58.37,11.25
75,SLIPSHAVN,98,55.29,10.83
76,NEDRE_GAVLE,99,60.68,17.17
77,CAGLIARI,104,39.2,9.17
78,NAPOLI,105,40.84,14.26
79,CIVITAVECCHIA,106,42.05,11.82
80,PALERMO,107,38.13,13.33
81,PORTO_MAURIZIO,108,43.87,8.02
82,FREMANTLE,111,-32.06,115.74
83,FERNANDINA_BEACH,112,30.67,-81.47
84,KORSOR,113,55.33,11.14
85,KLAIPEDA,118,55.7,21.13
86,HORNBAEK,119,56.09,12.46
87,GEDSER,120,54.57,11.93
88,DRAGHALLAN,122,62.37,17.53
89,TROIS-RIVIERES,126,46.33,-72.55
90,SEATTLE,127,47.6,-122.34
91,NAPOLI,129,40.87,14.27
92,ABURATSUBO,130,35.16,139.62
93,AYUKAWA,131,38.3,141.51
94,WAJIMA,132,37.41,136.9
95,HOSOJIMA,133,32.43,131.67
96,KUSHIMOTO,134,33.48,135.77
97,PHILADELPHIA,135,39.93,-75.14
98,PORT-SAINT-FRANCOIS,137,46.27,-72.62
99,POINTE-AU-PERE,138,48.52,-68.47
100,HANASAKI,139,43.28,145.58
101,STROMSTAD,140,58.95,11.18
102,SKURU,142,60.1,23.55
103,BATISCAN,144,46.5,-72.25
104,MANILA,145,14.58,120.97
105,HEL,146,54.6,18.8
106,BALTIMORE,148,39.27,-76.58
107,AUCKLAND_II,150,-36.84,174.77
108,TRIESTE,154,45.65,13.76
109,HONOLULU,155,21.31,-157.87
110,BUENOS_AIRES,157,-34.6,-58.37
111,SAN_DIEGO,158,32.71,-117.17
112,OSHORO_I,159,43.22,140.87
113,GALVESTON_II,161,29.31,-94.79
114,LAGOS,162,37.1,-8.67
115,BALBOA,163,8.97,-79.57
116,KOTKA,164,60.45,26.95
117,TOFINO,165,49.15,-125.92
118,VICTORIA,166,48.42,-123.37
119,PRINCE_RUPERT,167,54.32,-130.33
120,VENEZIA,168,45.43,12.33
121,CRISTOBAL,169,9.35,-79.92
122,MANTYLUOTO,172,61.59,21.46
123,QUEBEC,173,46.83,-71.17
124,KO_LAK,174,11.8,99.82
125,VANCOUVER,175,49.28,-123.12
126,HARRINGTON_HBR,176,50.5,-59.48
127,SMOGEN,179,58.35,11.22
128,ATLANTIC_CITY,180,39.35,-74.42
129,PORTLAND ,183,43.66,-70.25
130,KEY_WEST,188,24.55,-81.81
131,PORT_HEDLAND,189,-20.32,118.57
132,DUNBAR,190,56.01,-2.52
133,NEUVILLE,192,46.7,-71.57
134,POINT_ATKINSON,193,49.33,-123.25
135,PIETARSAARI ,194,63.71,22.69
136,SAINT_JOHN,195,45.27,-66.07
137,SYDNEY,196,-33.85,151.23
138,DESCHAILLONS,201,46.57,-72.1
139,NEWLYN,202,50.1,-5.54
140,FURUOGRUND,203,64.92,21.23
141,KARACHI,204,24.81,66.97
142,CHENNAI,205,13.1,80.3
143,ALICANTE,208,38.34,-0.48
144,CADIZ_II,209,36.53,-6.31
145,RANGOON,210,16.77,96.17
146,BLUFF,213,-46.6,168.35
147,FELIXSTOWE,214,51.96,1.35
148,TUAPSE,215,44.1,39.07
149,PORT_PIRIE,216,-33.18,138.01
150,AUCKLAND-WAITEMATA_HARBOUR,217,-36.84,174.77
151,BELFAST_2,219,54.6,-5.92
152,WELLINGTON_HARBOUR,221,-41.28,174.78
153,QUEQUEN,223,-38.58,-58.7
154,LEWES,224,38.78,-75.12
155,KETCHIKAN,225,55.33,-131.62
156,SAPPI,226,61.48,21.33
157,SUR_SARI,227,60.08,26.98
158,KEMI,229,65.67,24.52
159,PORT_LINCOLN,230,-34.72,135.87
160,HELIGMAN,231,60.2,19.3
161,CHARLESTON_I,234,32.78,-79.92
162,BOSTON,235,42.35,-71.05
163,WEST-TERSCHELLING,236,53.36,5.22
164,PRIMORSK,237,60.35,28.62
165,TVARMINNE,238,59.85,23.25
166,TURKU,239,60.43,22.1
167,RAAHE,240,64.67,24.41
168,LOS_ANGELES,245,33.72,-118.27
169,PENSACOLA,246,30.4,-87.21
170,PORT_LYTTELTON,247,-43.61,172.72
171,JOHOR_BAHRU,248,1.46,103.79
172,FOGLO,249,60.03,20.38
173,PORT_SAID,253,31.25,32.3
174,DOVER,255,51.11,1.32
175,LA_JOLLA,256,32.87,-117.26
176,PONTA_DELGADA,258,37.74,-25.67
177,LYTTELTON_II,259,-43.61,172.72
178,JOLO,260,6.07,121.0
179,ASTORIA,265,46.21,-123.77
180,SEWARD,266,60.12,-149.43
181,NEWCASTLE_III,267,-32.92,151.8
182,MACAU,269,22.2,113.55
183,DAYTONA_BEACH,270,29.23,-81.0
184,MOMMARK,271,54.93,10.07
185,DURBAN,284,-29.87,31.05
186,KASKINEN,285,62.34,21.21
187,IMMINGHAM,286,53.63,-0.19
188,SEAVEY_ISLAND,288,43.08,-70.74
189,PIONERSKY,289,54.95,20.22
190,SEWELLS_POINT,299,36.95,-76.33
191,HILO,300,19.73,-155.06
192,TREGDE,302,58.01,7.55
193,SANTA_CRUZ_DE_TENERIFE_I,303,28.48,-16.24
194,YAMBA,310,-29.43,153.36
195,ANNAPOLIS,311,38.98,-76.48
196,NARVIK,312,68.43,17.43
197,HEIMSJO,313,63.43,9.1
198,STORNOWAY,314,58.21,-6.39
199,HAMINA,315,60.56,27.18
200,MAYPORT,316,30.39,-81.43
201,BOURGAS,317,42.48,27.48
202,VARNA,318,43.18,27.92
203,NEWCASTLE_I,320,-32.92,151.8
204,KLAGSHAMN,330,55.52,12.89
205,TAKORADI,331,4.88,-1.75
206,EASTPORT,332,44.9,-66.98
207,NORTH_POINT,333,22.3,114.2
208,SOUTHEND,334,51.51,0.72
209,TILBURY,335,51.47,0.37
210,TOWER_PIER,336,51.5,0.08
211,PORTSMOUTH,350,50.8,-1.11
212,NEWPORT,351,41.51,-71.33
213,SPLIT - GRADSKA_LUKA,352,43.51,16.44
214,BAKAR,353,45.3,14.53
215,MERA,359,34.92,139.82
216,WASHINGTON_DC,360,38.87,-77.02
217,ABERDEEN_I,361,57.14,-2.08
218,WILLETS_POINT,362,40.79,-73.78
219,MIAMI_BEACH,363,25.77,-80.13
220,SANDY_HOOK,366,40.47,-74.01
221,WOODS_HOLE,367,41.52,-70.67
222,ST. GEORGES,368,32.37,-64.7
223,GARDEN_REACH,369,22.55,88.3
224,THESSALONIKI,373,40.63,22.93
225,PIRAIEVS,374,37.94,23.63
226,KAVALLA,375,40.93,24.41
227,RAUMA,376,61.13,21.43
228,SANTA_MONICA,377,34.01,-118.5
229,CRESCENT_CITY,378,41.74,-124.18
230,CONSTANTZA,379,44.17,28.67
231,FRIDAY_HARBOR,384,48.55,-123.01
232,NEAH_BAY,385,48.37,-124.61
233,THEVENARD,386,-32.15,133.64
234,GRONDINES,387,46.58,-72.03
235,PORT_AUX_BASQUES,392,47.57,-59.13
236,ST. JOHN'S,393,47.57,-52.72
237,CEBU,394,10.3,123.92
238,FORT_PULASKI,395,32.03,-80.9
239,WILMINGTON,396,34.23,-77.95
240,SASSNITZ,397,54.51,13.64
241,KJOLSDAL,398,61.92,5.63
242,PORTSMOUTH,399,36.82,-76.29
243,NEVLUNGHAVN,401,58.97,9.88
244,JUNEAU,405,58.3,-134.41
245,UCHIURA,407,35.02,138.89
246,KHIOS,408,38.37,26.14
247,POSIDHONIA,409,37.95,22.96
248,PREVEZA,410,38.96,20.76
249,KALAMAI,411,37.02,22.12
250,SOLOMON'S_ISLAND,412,38.32,-76.45
251,OOSTENDE,413,51.23,2.92
252,VISAKHAPATNAM,414,17.68,83.28
253,SAUGOR/SAGAR,417,21.65,88.05
254,GUANTANAMO_BAY,418,19.91,-75.15
255,BHAUNAGAR_I,420,21.8,72.3
256,ANDENES,425,69.33,16.13
257,SITKA,426,57.05,-135.34
258,CHARLOTTETOWN,427,46.23,-63.12
259,CEDAR_KEY_II,428,29.14,-83.03
260,NEW_LONDON,429,41.36,-72.09
261,PROVIDENCE,430,41.81,-71.4
262,MONTEVIDEO,431,-34.9,-56.25
263,DUBLIN,432,53.35,-6.22
264,COLONIA,433,-34.48,-57.85
265,PUNTA_DEL_ESTE,434,-34.97,-54.95
266,DOUGLAS,435,54.15,-4.47
267,ALAMEDA,437,37.77,-122.3
268,COCHIN,438,9.97,76.27
269,EUGENE_ISLAND,440,29.37,-91.39
270,FORT_PHRACHULA_CHOMKLAO,444,13.55,100.58
271,YAKUTAT,445,59.55,-139.73
272,KO_TAPHAO_NOI,446,7.83,98.43
273,CHURCHILL,447,58.77,-94.18
274,PORT_ADELAIDE,448,-34.78,138.48
275,KO_SICHANG,449,13.15,100.82
276,LE_HAVRE,453,49.48,0.11
277,ST. MALO,454,48.64,-2.03
278,CALAIS,455,50.97,1.87
279,BUENAVENTURA,456,3.9,-77.1
280,ST. NAZAIRE,457,47.27,-2.2
281,MATARANI,458,-17.0,-72.12
282,HACHINOHE_I,460,40.53,141.53
283,RICHMOND,462,37.57,-77.45
284,MIYAKO_I,463,39.63,141.97
285,PUNTARENAS,464,9.97,-84.83
286,LA_ROCHELLE-LA_PALLICE,466,46.16,-1.22
287,CHERBOURG,467,49.65,-1.64
288,DUNKERQUE,468,51.05,2.37
289,ST_JEAN_DE_LUZ,469,43.4,-1.68
290,ZEEBRUGGE,470,51.35,3.2
291,BOULOGNE,471,50.73,1.58
292,DIEPPE,474,49.93,1.08
293,TALARA,475,-4.62,-81.28
294,PORT_LOUIS,477,-20.15,57.5
295,VIGO,483,42.24,-8.73
296,LA_CORUNA_I,484,43.37,-8.4
297,SANTANDER_I,485,43.46,-3.79
298,MALOY,486,61.93,5.11
299,ADAK  SWEEPER_COVE,487,51.86,-176.63
300,TARIFA,488,36.01,-5.6
301,NIEUWPOORT,489,51.15,2.73
302,ALGECIRAS,490,36.12,-5.43
303,MASSACRE_BAY,491,52.83,173.2
304,SKAGWAY,495,59.45,-135.33
305,MALAGA,496,36.71,-4.42
306,PORT_ISABEL,497,26.06,-97.22
307,CEUTA,498,35.89,-5.32
308,VALPARAISO,499,-33.03,-71.63
309,WELLINGTON_II,500,-41.28,174.78
310,PUERTO_MADRYN,501,-42.77,-65.03
311,ALEXANDRIA,503,31.22,29.92
312,PORT_SAN_LUIS,508,35.18,-120.76
313,ALESUND,509,62.47,6.15
314,ANTOFAGASTA_2,510,-23.65,-70.4
315,ANTOFAGASTA,511,-23.65,-70.42
316,KWAJALEIN,513,8.73,167.74
317,KUSHIRO,518,42.98,144.37
318,MONTAUK,519,41.05,-71.96
319,ST. PETERSBURG,520,27.76,-82.63
320,KAHULUI_HARBOR,521,20.89,-156.48
321,LEGASPI,522,13.15,123.75
322,MIDWAY_ISLAND,523,28.21,-177.36
323,VARDO,524,70.37,31.1
324,BAR_HARBOR,525,44.39,-68.2
325,GRAND_ISLE,526,29.26,-89.96
326,PORT_ALBERNI,527,49.23,-124.82
327,CHUUK,528,7.45,151.85
328,EVENSKJAER,531,68.58,16.55
329,DAVAO,537,7.08,125.63
330,ROCKPORT,538,28.02,-97.05
331,PAGO_PAGO,539,-14.28,-170.69
332,APRA_HARBOR,540,13.44,144.65
333,BARENTSBURG,541,78.07,14.25
334,IMBITUBA,542,-28.23,-48.65
335,DIAMOND_HARBOUR,543,22.2,88.17
336,LA_LIBERTAD_II,544,-2.2,-80.92
337,KEELUNG_II,545,25.13,121.73
338,YUZHNO_KURILSK,546,44.02,145.87
339,BARENTSBURG_II,547,78.07,14.25
340,CAMP_COVE,549,-33.83,151.28
341,PUERTO_LIMON,552,10.0,-83.03
342,ALERT_BAY,554,50.58,-126.95
343,LA_LIBERTAD,555,-2.2,-80.92
344,RECIFE,556,-8.05,-34.87
345,PUERTO_CORTES,557,15.83,-87.95
346,LA_UNION,558,13.33,-87.82
347,BODO,562,67.29,14.39
348,GIBARA,563,21.11,-76.12
349,MACKAY,564,-21.1,149.23
350,LAS_PALMAS_C,565,28.15,-15.41
351,CORDOVA,566,60.56,-145.75
352,KODIAK_ISLAND,567,57.73,-152.51
353,SANTA_CRUZ_DE_LA_PALMA_B,568,28.67,-17.77
354,TIKSI,569,71.58,128.92
355,TALCAHUANO,571,-36.68,-73.1
356,CARTAGENA,572,10.4,-75.55
357,KANTON_ISLAND,575,-2.8,-171.72
358,SALVADOR,578,-12.97,-38.52
359,BELEM,580,-1.45,-48.5
360,NAOS_ISLAND,581,8.92,-79.55
361,ARRECIFE,593,28.97,-13.53
362,WAKE_ISLAND,595,19.29,166.62
363,KANDLA,596,23.02,70.22
364,GLOUCESTER_POINT,597,37.25,-76.5
365,JOHNSTON_ISLAND,598,16.74,-169.53
366,AMDERMA,599,69.75,61.7
367,UST_KARA,600,69.25,64.52
368,FEDOROVA,601,77.72,104.3
369,SANNIKOVA,602,74.67,138.9
370,SHALAUROVA,603,73.18,143.23
371,AMBARCHIK,604,69.62,162.3
372,RAU-CHUA,605,69.5,166.58
373,PEVEK,606,69.7,170.25
374,VANKAREM,607,67.83,-175.83
375,VRANGELIA,608,70.98,-178.48
376,MALYE_KARMAKULY,609,72.37,52.7
377,UST_OLENEK,610,73.0,119.87
378,DIKSON,611,73.5,80.4
379,STERLEGOVA,612,75.42,88.9
380,NETTEN,613,66.97,-171.93
381,QINHUANGDAO,614,39.9,119.6
382,PRAVDY,615,76.27,94.77
383,MYS_SHMIDTA,616,68.9,-179.37
384,RATMANOVA,617,65.85,-169.13
385,ARICA,618,-18.47,-70.33
386,CALDERA,619,-27.07,-70.83
387,MALYI_TAIMYR,620,78.08,106.82
388,KOLUCHIN,621,67.48,-174.65
389,UGORSKII_SHAR,622,69.82,60.75
390,TOBA,627,34.47,136.85
391,IRAKLION,634,35.35,25.15
392,ONAHAMA,635,36.94,140.89
393,KIPTOPEKE_BEACH,636,37.16,-75.99
394,TOWNSVILLE_I,637,-19.25,146.83
395,REYKJAVIK,638,64.15,-21.94
396,TUMACO,639,1.83,-78.73
397,DUNAI,640,73.93,124.5
398,KOTELNYI,641,76.0,137.87
399,KIGILIAH,642,73.33,139.87
400,KOLOBRZEG,643,54.18,15.55
401,USTKA,644,54.58,16.87
402,WLADYSLAWOWO,645,54.8,18.42
403,ANDREIA,646,76.8,110.75
404,ZHELANIA_II,647,76.95,68.55
405,GEIBERGA,648,77.6,101.52
406,MUOSTAH,649,71.55,130.03
407,CHETYREHSTOLBOVOI,650,70.63,162.48
408,BOLVANSKII_NOS,651,70.45,59.08
409,PREOBRAZHENIA,652,74.67,112.93
410,POPOVA,653,73.33,70.05
411,RUSSKII,655,77.17,96.43
412,SOLNECHNAIA,656,78.2,103.27
413,SVIATOI_NOS,657,72.83,140.73
414,ZEMLIA_BUNGE,658,74.88,142.12
415,IZUHARA,661,34.2,129.3
416,PROVIDENIA,662,64.42,-173.23
417,MAIZURU_I,663,35.48,135.4
418,TACLOBAN,664,11.25,125.0
419,ENEWETOK,665,11.37,162.35
420,MARII_PRONCHISHEVOI,667,75.53,113.43
421,PUERTO_ARMUELLES,668,8.27,-82.87
422,TOKUYAMA_I,669,34.03,131.8
423,OMINATO,679,41.25,141.15
424,TROMSO,680,69.65,18.96
425,HARSTAD,681,68.8,16.55
426,KRISTIANSUND,682,63.11,7.73
427,BURNIE,683,-41.05,145.91
428,MURMANSK,684,68.97,33.05
429,SPLIT_RT_MARJANA,685,43.51,16.39
430,ACAPULCO,686,16.83,-99.92
431,MURMANSK_II,687,68.97,33.05
432,FULFORD_HARBOUR,688,48.77,-123.45
433,SALINA_CRUZ,689,16.17,-95.2
434,PROGRESO,690,21.3,-89.67
435,COATZACOALCOS,692,18.15,-94.42
436,GUAYMAS,693,27.92,-110.9
437,LA_PAZ,695,24.17,-110.35
438,MANGALORE,696,12.85,74.83
439,KAINAN,701,34.14,135.19
440,HANSTHOLM,703,57.12,8.6
441,VISE,704,79.5,76.98
442,UEDINENIA,707,77.5,82.2
443,BILLINGA,708,69.88,175.77
444,RUSSKAIA_GAVAN_II,710,76.18,62.58
445,RUSSKAYA_GAVAN,711,76.2,62.58
446,MAZATLAN,712,23.2,-106.42
447,ASAMUSHI,721,40.9,140.86
448,YOKOSUKA,722,35.29,139.65
449,DALIAN,723,38.87,121.68
450,SEMBAWANG,724,1.47,103.83
451,FREEPORT,725,28.95,-95.31
452,CANANEIA,726,-25.02,-47.93
453,XIAMEN,727,24.45,118.07
454,IZVESTIA_TSIK,728,75.95,82.95
455,GOLOMIANYI,729,79.55,90.62
456,AION,730,69.93,167.98
457,YANTAI,731,37.53,121.38
458,MORZHOVAIA,732,71.42,67.58
459,ISACHENKO,734,77.15,89.2
460,BUORHAIA,735,71.95,132.77
461,KOSYSTYI,736,73.65,109.73
462,MANZANILLO,737,19.05,-104.33
463,KRASNOFLOTSKIE,738,78.6,98.83
464,NEZUGASEKI,752,38.56,139.55
465,KASHIWAZAKI,753,37.36,138.51
466,LOWESTOFT,754,52.47,1.75
467,MILLPORT,755,55.75,-4.91
468,NAWILIWILI_BAY,756,21.95,-159.35
469,UNALASKA,757,53.88,-166.54
470,HAMMERFEST,758,70.66,23.68
471,MAGUEYES_ISLAND,759,17.97,-67.05
472,DUBROVNIK,760,42.66,18.06
473,ROVINJ,761,45.08,13.63
474,RODBYHAVN,762,54.66,11.35
475,LA_CORUNA_II,763,43.36,-8.4
476,LA_PALOMA,764,-34.65,-54.15
477,BIRKENHEAD,765,53.4,-3.02
478,NEWPORT_BAY,766,33.6,-117.88
479,TADIBE-IAHA,767,70.37,72.57
480,ALVARADO,768,18.77,-95.77
481,MONBETU_I,772,44.35,143.37
482,SANDWICH_MARINA,775,41.77,-70.5
483,BUZZARDS_BAY,776,41.74,-70.62
484,REEDY_POINT,786,39.56,-75.57
485,NELSON,787,-41.26,173.27
486,MONACO,788,43.73,7.42
487,KIEL-HOLTENAU,789,54.37,10.16
488,TERPIAI-TUMSA,790,73.55,118.67
489,LEIXOES,791,41.18,-8.7
490,VALKARKAI,792,70.08,170.93
491,ENSENADA,795,31.85,-116.63
492,CIUDAD_DEL_CARMEN,796,18.63,-91.85
493,SHIMIZU-MINATO,808,35.01,138.52
494,KOMATSUSHIMA,809,34.01,134.59
495,MISUMI,810,32.62,130.45
496,SAKAI,811,35.55,133.24
497,UNO,812,34.49,133.95
498,HAKODATE_I,813,41.78,140.72
499,ABURATSU,814,31.58,131.41
500,TOSA_SHIMIZU,815,32.78,132.96
501,WAKAYAMA,816,34.22,135.15
502,TAN-NOWA,817,34.34,135.18
503,LORD_HOWE_ISLAND,818,-31.52,159.07
504,MAR_DEL_PLATA,819,-38.03,-57.52
505,PORT_ELIZABETH,820,-33.95,25.63
506,NORFOLK_ISLAND,821,-29.06,167.95
507,BRISBANE,822,-27.37,153.17
508,MOKUOLOE_ISLAND,823,21.43,-157.79
509,PETROPAVLOVSK-KAMCHATSKY,824,52.98,158.65
510,GLADSTONE,825,-23.85,151.31
511,SIMONS_BAY,826,-34.19,18.44
512,NAGAEVO,827,59.55,150.72
513,GALVESTON_I,828,29.29,-94.79
514,QUEEN_CHARLOTTE_CITY,829,53.25,-132.07
515,LERWICK,830,60.15,-1.14
516,PORT_KEMBLA,831,-34.47,150.91
517,PALERMO,832,-34.57,-58.4
518,EDEN,833,-37.07,149.91
519,BUNBURY,834,-33.32,115.66
520,KARUMBA,835,-17.5,140.83
521,PORT_NOLLOTH,836,-29.26,16.87
522,NEWCASTLE_V,837,-32.92,151.79
523,HOBART,838,-42.88,147.34
524,TORSHAVN,839,62.02,-6.77
525,HONDAU,841,20.67,106.8
526,PORT_RENFREW,842,48.55,-124.42
527,SANTA_CRUZ_DAS_FLORES,843,39.45,-31.12
528,SHIMONOSEKI_I,845,33.97,130.95
529,KOBE,846,34.68,135.18
530,TAKAMATSU,847,34.35,134.05
531,PORT_JEFFERSON,848,40.95,-73.08
532,NOUMEA-CHALEIX,852,-22.3,166.43
533,NEW_ROCHELLE,856,40.89,-73.78
534,MAR_DEL_PLATA,857,-38.03,-57.53
535,BELYI_NOS,859,69.6,60.22
536,NAGOYA,860,35.08,136.88
537,MOSSEL_BAY,910,-34.18,22.14
538,LUDERITZ,911,-26.64,15.15
539,MOZI,912,33.95,130.97
540,ARGENTINE_ISLANDS,913,-65.25,-64.26
541,WALVIS_BAY,914,-22.95,14.5
542,MALIN_HEAD,916,55.37,-7.33
543,SOPOCHNAIA_KARGA,917,71.87,82.7
544,TUXPAN,918,21.0,-97.33
545,PADRE_ISLAND,919,26.07,-97.15
546,ZHAPO,933,21.58,111.82
547,KANMEN,934,28.08,121.28
548,DARWIN,935,-12.47,130.85
549,HEYSHAM,936,54.03,-2.92
550,ZHOHOVA,937,76.15,152.83
551,KNYSNA,950,-34.05,23.05
552,PORTNEUF,951,46.68,-71.88
553,SIBAURA,952,35.63,139.75
554,CAIRNS,953,-16.92,145.78
555,MOKPO,954,34.78,126.38
556,BUSAN,955,35.1,129.04
557,INCHEON,956,37.45,126.59
558,ALBANY,957,-35.03,117.89
559,SETE,958,43.4,3.7
560,ALICANTE,960,38.34,-0.48
561,CHINHAE,970,35.15,128.65
562,LUSI,979,32.13,121.62
563,TOULON,980,43.11,5.91
564,GIBRALTAR,981,36.15,-5.36
565,DEVONPORT,982,50.37,-4.19
566,COCOS_ISLAND,983,-12.12,96.89
567,BELLA_BELLA,984,52.17,-128.13
568,CADIZ_III,985,36.54,-6.29
569,PORT_TARANAKI,996,-39.06,174.03
570,ULSAN,997,35.5,129.39
571,TIMARU_HARBOUR,998,-44.39,171.26
572,ST-FRANCOIS,999,47.0,-70.82
573,TUKTOYAKTUK,1000,69.42,-132.97
574,SAN_JUAN,1001,18.46,-66.11
575,TRIBENI,1002,22.98,88.4
576,HONNGU,1003,18.8,105.77
577,CHAMPLAIN,1005,46.43,-72.4
578,PESCHANYI,1006,79.43,102.48
579,WONSAN,1007,39.17,127.45
580,KOPER,1009,45.55,13.72
581,ACAJUTLA,1011,13.57,-89.83
582,KRENKELIA,1012,80.62,58.05
583,RINCON_ISLAND,1013,34.35,-119.44
584,NASE_II,1018,28.38,129.5
585,SAGYLLAH-ARY,1019,73.15,128.88
586,CIUDAD_MADERO,1020,22.25,-97.8
587,ONISAKI,1026,34.9,136.82
588,OSHORO_II,1027,43.21,140.86
589,HIROSIMA,1028,34.35,132.46
590,FUNCHAL,1030,32.64,-16.91
591,GERALDTON,1031,-28.78,114.6
592,ILHA_FISCAL,1032,-22.9,-43.17
593,STONY_POINT,1033,-38.37,145.22
594,TAI_PO_KAU,1034,22.44,114.18
595,AMRUM,1036,54.62,8.38
596,BORKUM,1037,53.56,6.75
597,PORT_MANSFIELD,1038,26.55,-97.42
598,TEMA,1049,5.62,0.0
599,MIYAKE_SIMA,1060,34.07,139.48
600,KOZU_SIMA,1061,34.21,139.13
601,MATSUYAMA_II,1062,33.86,132.71
602,MINAMI_IZU,1064,34.62,138.88
603,WHANGAREI_HARBOUR,1065,-35.76,174.35
604,JEJU,1066,33.53,126.54
605,ANCHORAGE,1067,61.24,-149.89
606,BRIDGEPORT,1068,41.17,-73.18
607,VICTOR_HARBOUR,1069,-35.56,138.64
608,SELDOVIA,1070,59.44,-151.72
609,PORT_HARDY,1071,50.72,-127.48
610,TUTICORIN,1072,8.75,78.2
611,ROSYTH,1074,56.02,-3.45
612,BAR,1075,42.08,19.08
613,POINTE_ST. GILDAS,1078,47.13,-2.25
614,SANTO_TOMAS_DE_CASTILLA,1080,15.7,-88.62
615,MAISAKA,1089,34.68,137.61
616,URAGAMI,1090,33.56,135.9
617,OKADA,1091,34.79,139.39
618,AWA_SIMA,1093,38.47,139.25
619,HAKATA,1094,33.62,130.41
620,SAIGO,1095,36.2,133.33
621,NISINOOMOTE,1096,30.73,130.99
622,ODOMARI,1097,31.02,130.69
623,SUMOTO,1098,34.34,134.91
624,OSAKA,1099,34.66,135.43
625,NAGASAKI,1100,32.73,129.87
626,FUKUE,1101,32.7,128.85
627,OURA,1102,32.98,130.22
628,WAKKANAI,1103,45.41,141.69
629,ABASHIRI,1104,44.02,144.29
630,NAKANO_SIMA,1105,29.84,129.85
631,FORT_MYERS,1106,26.65,-81.87
632,NAPLES,1107,26.13,-81.81
633,MUKHO,1108,37.55,129.12
634,WICK,1109,58.44,-3.09
635,NANTUCKET_ISLAND,1111,41.28,-70.1
636,ULLAPOOL,1112,57.9,-5.16
637,HELGEROA,1113,59.0,9.86
638,ESPERANCE,1114,-33.87,121.9
639,CARNARVON,1115,-24.9,113.65
640,WYNDHAM,1116,-15.45,128.1
641,DEVONPORT,1118,-41.18,146.36
642,PICTOU,1121,45.68,-62.7
643,ANTIPAIUTA,1128,69.08,76.85
644,OWASE,1146,34.08,136.21
645,SASEBO_II,1147,33.16,129.72
646,TAJIRI,1148,35.59,134.32
647,MIYAKO_II,1149,39.64,141.98
648,SHIRAHAMA,1150,33.68,135.38
649,NAHA,1151,26.21,127.67
650,PATRICIA_BAY,1152,48.65,-123.45
651,CAPE_MAY,1153,38.97,-74.96
652,BUNDABERG,1154,-24.77,152.38
653,YEOSU,1155,34.75,127.77
654,DAUPHIN_ISLAND,1156,30.25,-88.08
655,WEIPA,1157,-12.67,141.87
656,YARMOUTH,1158,43.83,-66.13
657,BROOME,1159,-18.0,122.22
658,MILNER_BAY,1160,-13.86,136.42
659,PARADIP,1161,20.27,86.7
660,SIBONEY,1162,23.1,-82.47
661,RABAUL,1164,-4.2,152.18
662,MIKUNI,1190,36.25,136.15
663,KATSUURA,1191,35.13,140.25
664,APALACHICOLA,1193,29.73,-84.98
665,MURORAN,1194,42.35,140.95
666,CAPE_TOWN,1195,-33.91,18.43
667,SOUTH_BEACH,1196,44.62,-124.04
668,FYNSHAV,1197,54.99,9.99
669,STE-ANNE-DES-MONTS,1199,49.13,-66.48
670,SE-LAHA,1200,70.15,72.57
671,KURE_IV,1209,34.24,132.55
672,TOKUYAMA_II,1210,34.04,131.8
673,SPIKARNA,1211,62.36,17.53
674,UWAJIMA_II,1212,33.23,132.55
675,RIVIERE-AU-RENARD,1213,49.0,-64.38
676,ILFRACOMBE,1214,51.21,-4.11
677,PORTPATRICK,1215,54.84,-5.12
678,SPRING_BAY,1216,-42.55,147.93
679,MAJURO-B,1217,7.1,171.37
680,BAIE_COMEAU,1218,49.23,-68.13
681,TADOUSSAC,1219,48.13,-69.72
682,SOUDHAS,1232,35.49,24.08
683,LEROS,1233,37.13,26.85
684,SIROS,1234,37.44,24.95
685,GOTEBORG - TORSHAMNEN,1236,57.68,11.79
686,KHALKIS_NORTH,1237,38.47,23.59
687,ALEXANDROUPOLIS,1238,40.84,25.88
688,LEVKAS,1239,38.83,20.71
689,KATAKOLON,1240,37.64,21.32
690,RORVIK,1241,64.86,11.23
691,BAMFIELD,1242,48.85,-125.13
692,RHODOS,1243,36.44,28.24
693,ST-JOSEPH-DE-LA-RIVE,1244,47.45,-70.37
694,NEW  WESTMINSTER,1245,49.2,-122.92
695,HAY_POINT,1246,-21.28,149.3
696,PORT_TUDY,1247,47.64,-3.45
697,SULTAN_SHOAL,1248,1.23,103.65
698,MORMUGAO,1249,15.42,73.8
699,PATRAI,1250,38.42,21.73
700,MALAKAL-B,1252,7.33,134.47
701,RIKITEA,1253,-23.12,-134.97
702,STEVESTON,1255,49.12,-123.18
703,OMAEZAKI_II,1263,34.61,138.22
704,OGA,1264,39.94,139.71
705,AKUNE,1265,32.02,130.19
706,HACHINOHE_II,1266,40.53,141.53
707,HONNINGSVAG,1267,70.98,25.97
708,BOOBY_ISLAND,1268,-10.6,141.91
709,CHARLESTON_II,1269,43.34,-124.32
710,HALDIA,1270,22.03,88.1
711,USHUAIA_II,1271,-54.82,-68.22
712,EASTER_ISLAND-E,1272,-27.15,-109.47
713,CALLAO_2,1274,-12.05,-77.15
714,JURONG,1275,1.3,103.72
715,OITA_II,1293,33.27,131.69
716,LE_CONQUET,1294,48.36,-4.78
717,CAMBRIDGE_II,1295,38.57,-76.07
718,URAKAWA_II,1296,42.17,142.77
719,CABO_DE_SAN_ANTONIO,1297,21.9,-84.9
720,NORTH_SYDNEY,1299,46.22,-60.25
721,INCE_POINT,1300,-10.51,142.31
722,CONCARNEAU,1301,47.87,-3.91
723,HAGI,1306,34.43,131.42
724,KARIYA,1318,33.47,129.85
725,KURE_I,1320,33.33,133.24
726,ARGENTIA,1321,47.3,-53.98
727,SEPT-ILES,1322,50.2,-66.4
728,CAMPBELL_RIVER,1323,50.02,-125.23
729,POHANG,1324,36.05,129.38
730,PORT_TOWNSEND,1325,48.11,-122.76
731,CAPE_LAMBERT,1328,-20.59,117.19
732,KANTON_ISLAND-B,1329,-2.82,-171.72
733,ITO_II,1343,34.9,139.13
734,OGI,1344,37.81,138.28
735,SOMA,1345,37.83,140.96
736,KAMAISI_II,1346,39.27,141.89
737,ROSCOFF,1347,48.72,-3.97
738,LOWER_ESCUMINAC,1349,47.08,-64.88
739,NIKISKI,1350,60.68,-151.4
740,RAFFLES_LIGHT_HOUSE,1351,1.17,103.75
741,MONTEREY,1352,36.6,-121.89
742,VALDEZ,1353,61.12,-146.36
743,TOKE_POINT,1354,46.71,-123.97
744,CABO_SAN_LUCAS,1355,22.88,-109.9
745,KAOHSIUNG_II,1356,22.53,120.32
746,OFUNATO_II,1364,39.02,141.75
747,SOKCHO,1365,38.21,128.59
748,TSIM_BEI_TSUI,1366,22.49,114.01
749,WHYALLA_III,1367,-33.01,137.59
750,GOODS_ISLAND,1368,-10.56,142.15
751,GANGRA,1369,21.95,88.02
752,POHNPEI-B,1370,6.98,158.23
753,CHRISTMAS_ISLAND_II,1371,1.98,-157.48
754,FRENCH_FRIGATE_SHOALS,1372,23.87,-166.28
755,HONIARA_II,1373,-9.43,159.95
756,KUCHINOTSU,1386,32.61,130.2
757,MAIZURU_II,1387,35.48,135.39
758,OKINAWA,1388,26.18,127.82
759,TOYAMA,1389,36.76,137.22
760,MUROTOMISAKI,1390,33.27,134.16
761,CHICHIJIMA,1391,27.08,142.18
762,PORT-ALFRED,1392,48.33,-70.87
763,CHARLOTTE_AMALIE,1393,18.34,-64.92
764,POINT_REYES,1394,37.99,-122.98
765,OKHA,1395,22.47,69.08
766,PAPEETE-B,1397,-17.53,-149.57
767,BYKOV_MYS,1399,72.0,129.12
768,TANGGU,1403,39.0,117.72
769,SHIJIUSUO,1404,35.38,119.55
770,LIANYUNGANG,1405,34.75,119.45
771,SHANWEI,1406,22.75,115.35
772,BEIHAI,1408,21.48,109.08
773,WALLAROO_II,1420,-33.93,137.62
774,NY-ALESUND,1421,78.93,11.94
775,NORTH_SOUND,1422,19.3,-81.32
776,MANGALORE,1423,12.92,74.8
777,SOUTH_SOUND,1426,19.27,-81.38
778,HAIKOU,1428,20.02,110.28
779,TAGO,1437,34.81,138.76
780,YAIZU,1438,34.87,138.33
781,KAMINATO_II,1440,33.13,139.8
782,KHALKIS_SOUTH,1441,38.46,23.59
783,HANASAKI_II,1442,43.28,145.57
784,SPRINGMAID_PIER,1444,33.66,-78.92
785,GADEOKDO,1445,35.02,128.81
786,TONGYEONG,1446,34.83,128.43
787,LIME_TREE_BAY,1447,17.69,-64.75
788,KOSEROW,1448,54.06,14.0
789,QUINHON,1449,13.77,109.25
790,PENRHYN,1450,-9.02,-158.07
791,HIRON_POINT,1451,21.78,89.47
792,FUNAFUTI,1452,-8.53,179.22
793,KHEPUPARA,1454,21.83,89.83
794,ALMERIA,1455,36.83,-2.48
795,SINES,1456,37.95,-8.88
796,NICE,1468,43.7,7.29
797,PORT_VENDRES,1469,42.52,3.11
798,MONBETU_II,1470,44.35,143.37
799,PORT_DOUGLAS_2,1471,-16.48,145.47
800,KAPINGAMARANGI,1473,1.1,154.78
801,SAIPAN,1474,15.23,145.75
802,DANANG,1475,16.1,108.22
803,COX'S_BAZAAR,1476,21.45,91.83
804,NAGOYA_II,1488,35.09,136.88
805,HEUKSANDO,1489,34.68,125.44
806,ULLEUNG,1490,37.49,130.91
807,TOBERMORY,1491,56.62,-6.06
808,CAPE_FERGUSON,1492,-19.28,147.06
809,MOOLOOLABA_2,1493,-26.68,153.13
810,VUNGTAU,1495,10.33,107.07
811,CHARCHANGA,1496,22.22,91.05
812,POINTE_DES_GALETS,1501,-20.93,55.29
813,WHITBY,1505,54.49,-0.61
814,PORT_STANVAC,1506,-35.11,138.47
815,LAOHUTAN,1513,38.87,121.68
816,NASE_III,1522,28.5,129.5
817,MAIZURU_III,1523,35.45,135.32
818,CUTLER_II,1524,44.64,-67.3
819,LEITH_II,1526,55.99,-3.18
820,GUNSAN,1527,35.98,126.56
821,CHOSHI-GYOKO,1544,35.74,140.86
822,TOKYO_III,1545,35.65,139.77
823,GEOMUNDO,1546,34.03,127.31
824,PORTLAND,1547,-38.34,141.61
825,NEWHAVEN,1548,50.78,0.06
826,KING_BAY,1549,-20.62,116.75
827,PORT_GILES,1550,-35.02,137.77
828,ROOMPOT_BUITEN,1551,51.62,3.68
829,KOCHI_III,1567,33.5,133.57
830,WANDO,1568,34.32,126.76
831,SHUTE_HARBOUR_2,1569,-20.28,148.78
832,PUERTO_ARMUELLES_B,1571,8.27,-82.87
833,HAMADA_II,1585,34.9,132.07
834,IZUHARA_II,1586,34.2,129.29
835,TAPPI,1587,41.24,140.38
836,CHUJADO,1588,33.96,126.3
837,TANJUNG_GELANG,1589,3.98,103.43
838,TAURANGA,1590,-37.64,176.18
839,PELABUHAN_KELANG,1591,3.05,101.36
840,CENDERING,1592,5.26,103.19
841,TANJUNG_KELING,1593,2.21,102.15
842,LUMUT,1594,4.24,100.61
843,PULAU_PINANG,1595,5.42,100.35
844,YOSIOKA,1596,41.45,140.25
845,RIMOUSKI,1597,48.48,-68.52
846,ZANZIBAR,1600,-6.15,39.18
847,PUERTO_SOBERANIA,1603,-62.48,-59.63
848,SEOGWIPO,1627,33.24,126.56
849,WIDO,1628,35.62,126.3
850,MOURILYAN_HARBOUR,1629,-17.58,146.08
851,LUCINDA,1630,-18.52,146.38
852,ONSLOW,1631,-21.65,115.13
853,CROMER,1632,52.93,1.3
854,CHERRY_POINT,1633,48.86,-122.76
855,SAND_POINT,1634,55.34,-160.5
856,CHESAPEAKE_BAY_BR. TUN.,1635,36.97,-76.11
857,DUCK_PIER_OUTSIDE,1636,36.18,-75.75
858,BERGEN_POINT,1637,40.64,-74.14
859,CLEARWATER_BEACH,1638,27.98,-82.83
860,N. SPIT,1639,40.77,-124.22
861,PORT_ORFORD,1640,42.74,-124.5
862,PANAMA_CITY,1641,30.15,-85.67
863,PORT_CHALMERS,1643,-45.81,170.62
864,JUAN_FERNANDEZ-C,1644,-33.64,-78.83
865,BALTRA-B,1645,-0.43,-90.28
866,ISHIGAKI_II,1671,24.33,124.16
867,RODRIGUES_IS,1672,-19.67,63.42
868,PORT_LOUIS_II,1673,-20.15,57.5
869,QUARRY_BAY,1674,22.29,114.21
870,BORYEONG,1675,36.41,126.49
871,PULAU_LANGKAWI,1676,6.43,99.76
872,KUKUP,1677,1.33,103.44
873,PULAU_TIOMAN,1678,2.81,104.14
874,MENTES/IZMIR,1679,38.43,26.72
875,ANTALYA_II,1681,36.83,30.62
876,LAKE_WORTH_PIER,1696,26.61,-80.03
877,ANHEUNG,1699,36.67,126.13
878,MILFORD_HAVEN,1700,51.71,-5.05
879,VACA_KEY,1701,24.71,-81.11
880,TANJUNG_SEDILI,1702,1.93,104.11
881,GETING,1703,6.23,102.11
882,GOLD_COAST_SEAWAY_2,1704,-27.95,153.42
883,SUCURAJ,1706,43.13,17.2
884,GAN_II,1707,-0.68,73.15
885,SURIGAO,1708,9.78,125.5
886,SAN_JOSE,1711,12.33,121.08
887,NAN_SHA,1730,9.55,112.88
888,FISHGUARD_II,1731,52.01,-4.98
889,KOTA_KINABALU,1733,5.98,116.07
890,TAWAU,1734,4.23,117.88
891,MARSAXLOKK  ,1735,35.82,14.53
892,XI_SHA,1745,16.83,112.33
893,TANJONG_PAGAR,1746,1.27,103.85
894,LES_SABLES_D OLONNE,1747,46.5,-1.79
895,TRONDHEIM_2,1748,63.44,10.39
896,TURTLE_HEAD,1749,-10.52,142.21
897,NAPIER,1750,-39.48,176.92
898,SAN_FELIX,1751,-26.29,-80.11
899,MALE-B,1753,4.18,73.53
900,HINKLEY_POINT,1758,51.21,-3.13
901,VIKER,1759,59.04,10.95
902,ROSSLYN_BAY,1760,-23.16,150.79
903,HILLARYS,1761,-31.83,115.74
904,EXMOUTH,1762,-21.95,114.14
905,L'ESTARTIT,1764,42.05,3.21
906,ISLAY,1772,55.63,-6.19
907,WEYMOUTH,1773,50.61,-2.45
908,KINLOCHBERVIE,1775,58.46,-5.05
909,ANABAR,1780,73.22,113.5
910,POINTE-A-PITRE,1784,16.22,-61.53
911,TAKAMATSU_II,1789,34.35,134.06
912,KOBE_II,1790,34.68,135.19
913,KO_MATTAPHON,1792,10.45,99.25
914,PORT_ERIN,1793,54.09,-4.77
915,WORKINGTON,1794,54.65,-3.57
916,ST_HELIER,1795,49.18,-2.12
917,STANLEY_II,1796,-51.69,-57.82
918,HADERA,1797,32.47,34.86
919,BECANCOUR,1798,46.4,-72.38
920,WINTER_HARBOUR,1799,50.52,-128.03
921,NOME,1800,64.5,-165.43
922,BOUCAU,1801,43.53,-1.51
923,LAS_PALMAS_D,1802,28.14,-15.41
924,TENERIFE,1803,28.48,-16.24
925,BETIO,1804,1.37,172.93
926,LAUTOKA,1805,-17.6,177.44
927,BILBAO,1806,43.35,-3.05
928,SANTANDER_III,1807,43.46,-3.79
929,LA_CORUNA_III,1808,43.36,-8.39
930,BONANZA,1809,36.8,-6.34
931,MALAGA_II,1810,36.71,-4.42
932,BARCELONA,1811,41.34,2.17
933,TEJN,1812,55.25,14.84
934,VALENCIA,1813,39.44,-0.31
935,DAKAR_2,1816,14.68,-17.42
936,SHIMONOSEKI_III,1830,33.92,130.93
937,BINTULU,1833,3.26,113.06
938,SANDAKAN,1834,5.81,118.07
939,SABINE_PASS_NORTH,1835,29.73,-93.87
940,LORNE,1836,-38.55,143.99
941,MAJURO-C,1838,7.11,171.37
942,FUNAFUTI_B,1839,-8.5,179.2
943,APIA_B,1840,-13.83,-171.76
944,PORT_VILA_B,1841,-17.76,168.31
945,NUKU'ALOFA_B,1842,-21.14,-175.18
946,RAROTONGA_B,1843,-21.2,-159.78
947,NAURU-B,1844,-0.53,166.91
948,POINT_LA_RUE,1846,-4.67,55.53
949,KERGUELEN,1849,-49.35,70.26
950,LLANDUDNO,1854,53.33,-3.83
951,PRUDHOE_BAY,1857,70.4,-148.53
952,VIRGINIA_KEY,1858,25.73,-80.16
953,ZADAR,1859,44.12,15.23
954,LOMBRUM,1860,-2.04,147.37
955,HONIARA-B,1861,-9.43,159.96
956,PORTRUSH,1867,55.21,-6.66
957,GIJON_II,1871,43.56,-5.7
958,LAHAT_DATU,1877,5.02,118.35
959,BOURNEMOUTH,1878,50.71,-1.87
960,LABUAN_2,1879,5.27,115.25
961,HUELVA,1883,37.13,-6.83
962,MASIRAH,1887,20.68,58.87
963,TAI_MIU_WAN,1891,22.27,114.29
964,PALMA_DE_MALLORCA,1892,39.55,2.64
965,TUAS,1894,1.28,103.67
966,WEST_COAST,1895,1.3,103.77
967,WEST_TUAS,1896,1.34,103.63
968,VILLAGARCIA,1897,42.6,-8.77
969,VIGO_II,1898,42.24,-8.73
970,SHEK_PIK,1902,22.22,113.89
971,CORPUS_CHRISTI,1903,27.58,-97.22
972,CABO_CRUZ,1910,19.83,-77.73
973,PALMEIRA,1914,16.75,-22.98
974,PORT_BLOC,1915,45.57,-1.06
975,LE_CROUESTY,1921,47.54,-2.9
976,HUPO,1923,36.68,129.45
977,POHNPEI_C,1925,6.98,158.2
978,CASILDA_II,2021,21.75,-79.99
979,BUGRINO,2025,68.8,49.33
980,MYS_PIKSHUEVA,2026,69.55,32.43
981,POLYARNIY,2027,69.2,33.48
982,TERIBERKA,2028,69.2,35.12
983,PORT_ALMA,2072,-23.58,150.87
984,URANGAN_II,2073,-25.3,152.92
985,BOWEN_II,2074,-20.02,148.25
986,KALIX,2101,65.7,23.1
987,SKAGSUDDE,2102,63.19,19.01
988,FORSMARK,2103,60.41,18.21
989,MARVIKEN,2104,58.55,16.84
990,VISBY,2105,57.64,18.28
991,OSKARSHAMN,2106,57.27,16.48
992,SIMRISHAMN,2107,55.56,14.36
993,SKANOR,2108,55.42,12.83
994,BARSEBACK,2109,55.76,12.9
995,VIKEN,2110,56.14,12.58
996,RINGHALS,2111,57.25,12.11
997,STENUNGSUND,2112,58.09,11.83
998,KUNGSVIK,2113,59.0,11.13
999,TRIDENT_PIER,2123,28.41,-80.59
1000,ARENA_COVE,2125,38.91,-123.71
1001,SANTA_BARBARA,2126,34.41,-119.69
1002,PORT_ANGELES,2127,48.12,-123.44
1003,KAWAIHAE,2128,20.04,-155.83
1004,GOTEBORG-RINGON,2133,57.72,11.97
1005,MOMBASA_II,2183,-4.07,39.65
1006,LAMU_B,2198,-2.27,40.9
1007,BAY_WAVELAND_YACHT_CLUB_II,2215,30.33,-89.33
1008,IQUIQUE_II,2261,-20.2,-70.15
1009,CORRAL_II,2262,-39.88,-73.42
1010,PUNTA_ARENAS_II,2263,-53.12,-70.86
1011,ANCUD,2264,-41.87,-73.83
1012,OCEAN_CITY_INLET,2292,38.33,-75.09
1013,CAPE_HATTERAS,2294,35.22,-75.64
1014,BEAUFORT,2295,34.72,-76.67
1015,BRUNSWICK_HEADS,2310,-28.54,153.55
1016,COFFS_HARBOUR_III,2311,-30.3,153.15
1017,JERVIS_BAY_II,2312,-35.12,150.71
1018,PORT_MACQUARIE,2313,-31.43,152.91
1019,TWEED_HEADS,2314,-28.17,153.55
1020,PORT_STEPHENS,2316,-32.71,152.18
1021,KINGS_POINT,2322,40.81,-73.77
1022,TOLCHESTER_BEACH,2323,39.21,-76.25
1023,LEWISETTA,2324,37.99,-76.47
1024,OREGON_INLET_MARINA,2325,35.8,-75.55
1025,MAYPORT,2326,30.4,-81.43
1026,REDWOOD_CITY,2329,37.51,-122.21
1027,PORT_CHICAGO,2330,38.05,-122.04
1028,SUVA-B,2356,-18.13,178.43
1029,SYDNEY_PORT_JACKSON,2358,-33.83,151.26
